thread_count,id,time,function,file_count
1,0,233861,max,-1
1,1,223420,max,-1
1,2,204042,max,-1
1,3,200525,max,-1
1,4,156649,max,-1
1,5,158968,max,-1
1,6,237942,max,-1
1,7,162196,max,-1
1,8,149294,max,-1
1,9,161503,max,-1
1,10,145361,max,-1
1,11,172000,max,-1
1,12,128865,max,-1
1,13,176101,max,-1
1,14,152088,max,-1
1,15,109669,max,-1
1,16,116355,max,-1
1,17,105092,max,-1
1,18,208147,max,-1
1,19,137352,max,-1
1,20,132527,max,-1
1,21,98732,max,-1
1,22,155015,max,-1
1,23,100606,max,-1
1,24,142003,max,-1
1,25,103673,max,-1
1,26,126321,max,-1
1,27,129186,max,-1
1,28,133183,max,-1
1,29,110973,max,-1
1,30,127845,max,-1
1,31,111433,max,-1
1,32,110364,max,-1
1,33,106418,max,-1
1,34,141096,max,-1
1,35,100574,max,-1
1,36,124463,max,-1
1,37,119414,max,-1
1,38,150426,max,-1
1,39,115987,max,-1
1,40,114005,max,-1
1,41,107457,max,-1
1,42,113448,max,-1
1,43,91812,max,-1
1,44,92097,max,-1
1,45,89835,max,-1
1,46,94865,max,-1
1,47,120337,max,-1
1,48,93071,max,-1
1,49,107921,max,-1
2,0,64704,max,-1
2,1,71577,max,-1
2,2,72447,max,-1
2,3,68632,max,-1
2,4,74198,max,-1
2,5,60755,max,-1
2,6,63267,max,-1
2,7,73981,max,-1
2,8,72594,max,-1
2,9,73413,max,-1
2,10,85946,max,-1
2,11,75441,max,-1
2,12,77390,max,-1
2,13,73779,max,-1
2,14,61495,max,-1
2,15,61238,max,-1
2,16,59652,max,-1
2,17,82348,max,-1
2,18,78147,max,-1
2,19,73382,max,-1
2,20,76316,max,-1
2,21,81465,max,-1
2,22,74367,max,-1
2,23,69201,max,-1
2,24,71666,max,-1
2,25,75728,max,-1
2,26,79431,max,-1
2,27,68728,max,-1
2,28,80107,max,-1
2,29,76678,max,-1
2,30,79529,max,-1
2,31,72355,max,-1
2,32,71834,max,-1
2,33,84914,max,-1
2,34,71557,max,-1
2,35,85821,max,-1
2,36,78124,max,-1
2,37,80085,max,-1
2,38,78950,max,-1
2,39,67184,max,-1
2,40,70087,max,-1
2,41,74547,max,-1
2,42,69677,max,-1
2,43,69750,max,-1
2,44,88089,max,-1
2,45,75211,max,-1
2,46,81645,max,-1
2,47,68444,max,-1
2,48,92794,max,-1
2,49,61402,max,-1
4,0,92161,max,-1
4,1,71919,max,-1
4,2,68004,max,-1
4,3,68708,max,-1
4,4,68923,max,-1
4,5,80483,max,-1
4,6,65149,max,-1
4,7,65676,max,-1
4,8,63073,max,-1
4,9,67358,max,-1
4,10,74583,max,-1
4,11,69586,max,-1
4,12,72698,max,-1
4,13,186527,max,-1
4,14,101577,max,-1
4,15,66889,max,-1
4,16,63453,max,-1
4,17,60597,max,-1
4,18,61161,max,-1
4,19,68320,max,-1
4,20,94621,max,-1
4,21,63913,max,-1
4,22,65133,max,-1
4,23,66672,max,-1
4,24,65997,max,-1
4,25,72408,max,-1
4,26,74217,max,-1
4,27,68231,max,-1
4,28,66058,max,-1
4,29,70984,max,-1
4,30,69699,max,-1
4,31,70942,max,-1
4,32,75018,max,-1
4,33,68073,max,-1
4,34,78166,max,-1
4,35,75649,max,-1
4,36,64780,max,-1
4,37,63892,max,-1
4,38,66552,max,-1
4,39,68960,max,-1
4,40,128488,max,-1
4,41,70650,max,-1
4,42,80128,max,-1
4,43,66192,max,-1
4,44,61742,max,-1
4,45,59978,max,-1
4,46,71214,max,-1
4,47,70178,max,-1
4,48,75941,max,-1
4,49,68298,max,-1
8,0,167202,max,-1
8,1,160835,max,-1
8,2,151653,max,-1
8,3,157207,max,-1
8,4,173937,max,-1
8,5,155089,max,-1
8,6,137511,max,-1
8,7,131594,max,-1
8,8,137429,max,-1
8,9,129233,max,-1
8,10,129269,max,-1
8,11,129106,max,-1
8,12,129601,max,-1
8,13,146431,max,-1
8,14,138239,max,-1
8,15,126279,max,-1
8,16,133150,max,-1
8,17,128856,max,-1
8,18,128529,max,-1
8,19,124768,max,-1
8,20,136413,max,-1
8,21,130523,max,-1
8,22,130372,max,-1
8,23,157430,max,-1
8,24,153263,max,-1
8,25,125081,max,-1
8,26,130329,max,-1
8,27,126338,max,-1
8,28,129800,max,-1
8,29,125159,max,-1
8,30,124825,max,-1
8,31,125266,max,-1
8,32,127080,max,-1
8,33,126444,max,-1
8,34,130217,max,-1
8,35,123693,max,-1
8,36,130373,max,-1
8,37,120369,max,-1
8,38,126033,max,-1
8,39,127752,max,-1
8,40,137738,max,-1
8,41,112647,max,-1
8,42,118522,max,-1
8,43,122534,max,-1
8,44,118308,max,-1
8,45,110379,max,-1
8,46,116137,max,-1
8,47,115277,max,-1
8,48,113608,max,-1
8,49,115932,max,-1
16,0,236010,max,-1
16,1,259387,max,-1
16,2,251196,max,-1
16,3,243249,max,-1
16,4,241675,max,-1
16,5,241651,max,-1
16,6,256748,max,-1
16,7,267500,max,-1
16,8,233888,max,-1
16,9,239487,max,-1
16,10,237339,max,-1
16,11,239497,max,-1
16,12,236695,max,-1
16,13,254512,max,-1
16,14,264365,max,-1
16,15,255072,max,-1
16,16,231570,max,-1
16,17,231412,max,-1
16,18,219574,max,-1
16,19,217754,max,-1
16,20,233621,max,-1
16,21,216474,max,-1
16,22,222320,max,-1
16,23,226083,max,-1
16,24,226733,max,-1
16,25,242925,max,-1
16,26,245790,max,-1
16,27,242106,max,-1
16,28,247606,max,-1
16,29,221026,max,-1
16,30,252509,max,-1
16,31,296622,max,-1
16,32,270713,max,-1
16,33,245594,max,-1
16,34,259160,max,-1
16,35,279104,max,-1
16,36,326755,max,-1
16,37,245304,max,-1
16,38,227815,max,-1
16,39,220748,max,-1
16,40,232827,max,-1
16,41,270320,max,-1
16,42,250118,max,-1
16,43,284413,max,-1
16,44,247132,max,-1
16,45,226672,max,-1
16,46,226983,max,-1
16,47,236235,max,-1
16,48,221167,max,-1
16,49,232078,max,-1
26,0,374448,max,-1
26,1,358349,max,-1
26,2,419017,max,-1
26,3,460711,max,-1
26,4,391798,max,-1
26,5,362735,max,-1
26,6,370819,max,-1
26,7,395777,max,-1
26,8,367620,max,-1
26,9,576497,max,-1
26,10,433211,max,-1
26,11,378552,max,-1
26,12,381742,max,-1
26,13,362687,max,-1
26,14,360201,max,-1
26,15,369409,max,-1
26,16,352439,max,-1
26,17,342994,max,-1
26,18,365092,max,-1
26,19,363443,max,-1
26,20,387516,max,-1
26,21,374089,max,-1
26,22,392112,max,-1
26,23,382521,max,-1
26,24,365114,max,-1
26,25,358450,max,-1
26,26,360699,max,-1
26,27,378162,max,-1
26,28,385377,max,-1
26,29,351288,max,-1
26,30,350425,max,-1
26,31,392162,max,-1
26,32,356947,max,-1
26,33,341374,max,-1
26,34,380691,max,-1
26,35,424358,max,-1
26,36,422715,max,-1
26,37,414209,max,-1
26,38,421086,max,-1
26,39,416135,max,-1
26,40,419037,max,-1
26,41,423424,max,-1
26,42,459369,max,-1
26,43,428702,max,-1
26,44,412224,max,-1
26,45,428122,max,-1
26,46,415931,max,-1
26,47,412134,max,-1
26,48,456240,max,-1
26,49,635682,max,-1
32,0,493937,max,-1
32,1,532187,max,-1
32,2,489192,max,-1
32,3,498025,max,-1
32,4,494340,max,-1
32,5,500656,max,-1
32,6,494964,max,-1
32,7,505400,max,-1
32,8,502665,max,-1
32,9,503639,max,-1
32,10,493088,max,-1
32,11,494756,max,-1
32,12,555318,max,-1
32,13,493493,max,-1
32,14,860218,max,-1
32,15,530106,max,-1
32,16,501082,max,-1
32,17,540858,max,-1
32,18,509694,max,-1
32,19,513067,max,-1
32,20,452530,max,-1
32,21,421145,max,-1
32,22,735609,max,-1
32,23,429290,max,-1
32,24,431445,max,-1
32,25,422242,max,-1
32,26,430681,max,-1
32,27,413294,max,-1
32,28,420113,max,-1
32,29,487695,max,-1
32,30,541104,max,-1
32,31,430332,max,-1
32,32,442724,max,-1
32,33,424558,max,-1
32,34,462183,max,-1
32,35,457546,max,-1
32,36,428446,max,-1
32,37,423320,max,-1
32,38,426455,max,-1
32,39,517799,max,-1
32,40,416588,max,-1
32,41,430476,max,-1
32,42,436746,max,-1
32,43,424671,max,-1
32,44,420506,max,-1
32,45,431376,max,-1
32,46,417415,max,-1
32,47,490150,max,-1
32,48,438690,max,-1
32,49,435143,max,-1
48,0,650104,max,-1
48,1,652532,max,-1
48,2,649826,max,-1
48,3,638410,max,-1
48,4,824895,max,-1
48,5,640893,max,-1
48,6,622329,max,-1
48,7,643461,max,-1
48,8,798431,max,-1
48,9,684884,max,-1
48,10,663670,max,-1
48,11,810772,max,-1
48,12,676347,max,-1
48,13,642967,max,-1
48,14,660902,max,-1
48,15,653700,max,-1
48,16,738068,max,-1
48,17,661640,max,-1
48,18,642622,max,-1
48,19,650957,max,-1
48,20,778143,max,-1
48,21,672948,max,-1
48,22,677878,max,-1
48,23,662620,max,-1
48,24,687128,max,-1
48,25,684707,max,-1
48,26,654429,max,-1
48,27,828720,max,-1
48,28,671636,max,-1
48,29,707104,max,-1
48,30,698787,max,-1
48,31,719880,max,-1
48,32,676094,max,-1
48,33,764356,max,-1
48,34,658682,max,-1
48,35,654735,max,-1
48,36,671006,max,-1
48,37,1795865,max,-1
48,38,689171,max,-1
48,39,642039,max,-1
48,40,640878,max,-1
48,41,681857,max,-1
48,42,673749,max,-1
48,43,655324,max,-1
48,44,652828,max,-1
48,45,636339,max,-1
48,46,650899,max,-1
48,47,639883,max,-1
48,48,664501,max,-1
48,49,889751,max,-1
64,0,912537,max,-1
64,1,929274,max,-1
64,2,891978,max,-1
64,3,905123,max,-1
64,4,863778,max,-1
64,5,869157,max,-1
64,6,871680,max,-1
64,7,892900,max,-1
64,8,916203,max,-1
64,9,873137,max,-1
64,10,910234,max,-1
64,11,889471,max,-1
64,12,900069,max,-1
64,13,882380,max,-1
64,14,866011,max,-1
64,15,881339,max,-1
64,16,884492,max,-1
64,17,1155500,max,-1
64,18,902140,max,-1
64,19,875342,max,-1
64,20,891693,max,-1
64,21,861211,max,-1
64,22,878469,max,-1
64,23,901992,max,-1
64,24,866232,max,-1
64,25,860862,max,-1
64,26,884586,max,-1
64,27,855721,max,-1
64,28,871316,max,-1
64,29,869421,max,-1
64,30,891215,max,-1
64,31,864662,max,-1
64,32,899673,max,-1
64,33,879254,max,-1
64,34,1040725,max,-1
64,35,912560,max,-1
64,36,890523,max,-1
64,37,884799,max,-1
64,38,869941,max,-1
64,39,881818,max,-1
64,40,854586,max,-1
64,41,858196,max,-1
64,42,856899,max,-1
64,43,885209,max,-1
64,44,955671,max,-1
64,45,858749,max,-1
64,46,864887,max,-1
64,47,865348,max,-1
64,48,888762,max,-1
64,49,878003,max,-1
